m,nAccidents,normal,v,x
10.69790587,3,168.5859553,9917.327382,21.85561048
,4,20.1781029,,38.82025818
,4,166.5076729,,101.6523533
,4,-18.54027924,,-78.37287493
,2,-54.4743536,,190.18614
,1,-42.7688883,,-85.50393372
,2,-30.95120533,,-64.03221793
,2,-36.91277213,,55.67110908
,3,20.45618775,,83.58481801
,7,137.7892635,,-22.35088353
,0,-27.74636599,,-143.7790413
,1,105.1423633,,-29.41004278
,3,51.107154,,59.99832102
,0,-73.27477318,,-128.6350495
,2,86.1258083,,-30.18029645
,2,18.08284387,,107.1732678
,2,-117.4299062,,95.3747184
,2,9.887864165,,69.95131256
,1,-154.8812631,,40.08226346
,5,76.46830162,,-9.797610912
,2,30.43132455,,151.7481408
,2,145.5163759,,-105.8864084
,6,122.2766305,,-177.8579046
,3,119.5701795,,-24.13684472
,3,145.8121369,,51.59115397
,2,134.5114807,,34.00811136
,3,-146.2546856,,-75.38467841
,3,-17.6485002,,42.33397718
,1,70.05403361,,-78.70853069
,2,-79.29336219,,-27.92003497
,4,204.2959501,,-36.89360884
,0,16.61140671,,-54.81935125
,1,203.5888087,,110.8574782
,3,-16.13524024,,85.73870923
,2,16.17271892,,-56.83447549
,2,-14.92926918,,-24.39059355
,4,80.20979677,,31.0766493
,5,-84.00396882,,-19.90078901
,3,-166.6620957,,-126.5272414
,1,-26.64851185,,-57.16185883
,4,-93.39964369,,108.491884
,2,-24.87219531,,71.19334893
,5,46.6756081,,67.79431278
,4,-149.1355722,,11.45609386
,1,97.2936942,,-30.95744776
,2,-62.26057677,,-19.50393171
,0,11.781106,,73.74001701
,0,-79.95362528,,10.86671994
,0,-105.3632005,,-45.75324481
,3,85.66928098,,85.64191742
,6,-104.6700562,,115.3174284
,4,142.3727999,,-9.290209009
,2,-125.101395,,94.84899763
,1,-35.23667826,,-47.57089059
,3,-49.74349948,,70.50611858
,2,-43.70710538,,-7.174034541
,3,108.205179,,96.72542365
,0,43.45440757,,-14.10758972
,2,-51.36095023,,110.6807763
,1,8.528830425,,255.3332087
,4,-40.3661679,,76.15256319
,1,125.9059718,,204.7928114
,7,273.025299,,64.39305453
,3,-37.67413737,,-116.5355352
,6,14.86198006,,161.6445576
,1,-49.90699174,,80.44355777
,5,-91.36840498,,19.62678766
,1,-19.98032409,,142.1401724
,3,178.5127539,,185.7966343
,5,3.839080347,,4.128822345
,3,95.20609334,,79.82262543
,2,32.8524229,,-75.38840584
,2,56.0513313,,-117.9366079
,2,36.38273244,,-102.3413193
,0,16.9746099,,-145.0589247
,3,-116.1333999,,3.132496622
,6,103.9051942,,122.0513671
,3,1.948461357,,-0.598340459
,2,11.06856596,,-145.9740037
,1,-38.37594873,,118.2910051
,4,-65.84957371,,172.2947201
,2,-100.674923,,41.92569612
,0,18.60804506,,23.44271506
,0,-80.40058195,,88.08369073
,1,114.1875351,,229.0755673
,2,-41.92675271,,-22.10525544
,4,92.01382288,,85.92151184
,2,5.917610754,,-25.96832643
,4,40.58169947,,-67.27661383
,0,-67.84738328,,48.09364262
,5,146.5757315,,58.01005582
,4,-71.97064882,,-22.32457723
,0,5.659137053,,14.86582933
,3,164.4215142,,-70.50456594
,3,119.9306942,,-0.525516061
,2,56.3885976,,66.0607535
,3,7.739402557,,63.07082666
,3,-26.60857716,,1.817801097
,1,16.26286257,,-26.58069282
,2,-27.40239267,,13.47996831
,2,60.02195382,,-50.20866875
,3,94.68204695,,118.4530054
,6,-69.0061986,,-90.9535772
,3,33.83043796,,121.1923371
,2,40.25750519,,-95.60304019
,5,-22.29636596,,-88.79006874
,3,-5.261514942,,91.34083252
,4,-7.042910839,,22.02500435
,1,-102.0270656,,-166.4533828
,1,-100.22793,,-66.2660925
,3,145.0043282,,96.51689233
,2,53.77662373,,-188.9157469
,3,134.7449555,,66.04988656
,2,115.2510402,,-47.18860979
,4,-108.9318251,,-85.69505744
,5,26.29914436,,-11.87084395
,6,22.3301131,,-184.3174905
,3,-34.43022452,,43.55651064
,0,-127.7110031,,63.52675975
,2,68.9715604,,8.777072409
,3,-66.5326533,,-49.07773466
,2,-55.09585187,,255.5520861
,1,110.8406208,,-23.13459866
,3,11.84381704,,-172.8038789
,3,8.461251854,,-68.44069962
,4,16.21770233,,-0.958310198
,5,133.6284762,,-10.39527544
,1,13.0565827,,-162.4360865
,1,73.01129307,,61.85440994
,4,-75.25912686,,-22.13749253
,0,10.49221491,,-43.25059849
,3,-126.1236498,,30.61755129
,4,20.49551396,,-36.71772639
,3,12.96685938,,-96.87733076
,5,107.3684664,,-23.87116279
,4,-30.10538478,,-121.5873269
,3,29.08202688,,-70.5780245
,1,69.45731976,,-83.9447573
,1,-84.26750517,,278.5983707
,4,191.8174504,,-136.6975449
,2,63.44296148,,-117.7628232
,3,38.48855263,,-124.3499264
,1,44.31830259,,-41.31075484
,3,-132.4081073,,-101.0392095
,1,159.6644007,,125.228386
,6,-71.10751633,,49.58247651
,7,-112.2678505,,109.9717267
,2,26.92696408,,4.903626421
,5,111.9830781,,162.0798508
,2,51.77805283,,10.22571754
,4,-101.2109465,,136.7384748
,3,39.0193317,,-18.14337334
,4,-202.6667897,,-13.15106462
,2,-140.3584874,,9.24589038
,1,-38.2668417,,87.04269901
,4,96.00396892,,141.8688047
,3,-102.4943982,,41.81600527
,2,-118.7016178,,-13.59960927
,4,90.14991806,,88.62538564
,3,10.10871018,,-66.77054316
,3,134.6780171,,-56.89479234
,3,108.3959534,,40.56711294
,4,-253.6866283,,-73.0435524
,4,249.1847634,,-196.1565533
,2,-5.604781046,,-14.85630855
,2,47.08325676,,-102.3713076
,7,105.2552282,,56.11206253
,1,84.51393484,,-3.824930768
,4,125.6736023,,139.9823935
,2,-12.15844596,,173.0177371
,6,120.109403,,71.82087853
,1,-75.73377886,,-31.28662185
,3,-11.52203202,,-117.8765984
,2,-54.29889586,,15.77223379
,2,-131.2783528,,83.04164368
,3,-180.3126285,,182.5473444
,3,-46.51440014,,-78.93671984
,5,55.95843315,,-78.36979979
,4,137.8363435,,26.20572491
,4,-68.11930608,,-103.3158192
,1,98.94023805,,-5.216053862
,2,-86.84235634,,111.983577
,1,54.99610944,,-40.30716716
,1,11.26377071,,-128.4416295
,6,24.6617448,,-135.6528098
,4,-143.1092983,,-73.30359581
,2,-35.686386,,-28.39803598
,5,-21.33570262,,-25.9235624
,1,197.0141383,,28.48674145
,1,46.25600614,,-178.4641345
,3,99.36628429,,99.98649241
,4,139.6270735,,72.80602207
,2,-187.4099628,,-26.89243047
,2,110.0175179,,47.76915478
,6,191.4828517,,97.61779098
,0,-21.59551848,,49.39525674
,1,-136.877139,,64.5837509
,4,43.59310904,,-63.65575979
,1,-143.8982741,,22.62447729
,2,-65.93491455,,215.3430973
,3,-83.78622812,,-143.2242186
,5,-114.3831566,,-210.7564733
,1,155.1448232,,-192.4106861
,2,-9.725091398,,-59.69402002
,3,61.03995713,,72.48380015
,4,101.157607,,-107.5689267
,1,-147.2294064,,-106.6213046
,0,-9.334644524,,177.4350932
,,131.7910097,,86.58661077
,,9.483449684,,9.991991529
,,41.80610586,,136.1541994
,,-99.34309589,,-79.60403485
,,1.490879249,,84.1784142
,,-265.9682312,,-22.89881996
,,47.46589263,,71.64002363
,,-44.15502209,,-35.63905542
,,154.8400467,,-106.5508662
,,-21.25586526,,117.5721364
,,-47.16591155,,-75.6251183
,,38.19244493,,-4.807901062
,,-135.0197351,,114.0002483
,,-177.0973987,,64.70559777
,,20.16036938,,18.74746868
,,148.0402125,,59.23425067
,,-95.57438259,,-11.78384278
,,-132.7207583,,58.30004709
,,-93.71398313,,122.569154
,,-73.14210304,,-39.50134612
,,62.27521562,,-116.3812316
,,-144.8484523,,-41.02353965
,,-93.05147967,,99.72129249
,,49.6734366,,62.81026627
,,-15.75201028,,53.89026507
,,-112.0001798,,-7.328422509
,,-55.37823915,,42.81637817
,,73.71453796,,65.88753032
,,-90.71363066,,47.77719758
,,48.86814965,,-25.43918817
,,62.59914707,,-78.25929344
,,80.70302441,,-62.48833077
,,-43.77665589,,32.43738833
,,105.6033471,,258.5318255
,,-91.51893905,,-48.93149096
,,10.56572135,,-82.15780891
,,118.6182476,,137.0520279
,,168.1662798,,123.2212195
,,113.8782454,,131.7577197
,,-65.9736801,,-161.9378174
,,119.2990187,,71.77823995
,,-51.52129853,,-80.00639088
,,-62.9206489,,88.1059113
,,-54.80711281,,39.48502428
,,110.9781971,,199.2261647
,,31.47105945,,82.74410117
,,14.94756266,,-19.34113796
,,-2.856643056,,-39.95277843
,,-62.47222211,,73.21416396
,,204.8069394,,66.28108185
,,163.0348318,,6.485475603
,,15.66941019,,-38.57746874
,,23.15558489,,-136.9386886
,,-21.25085654,,20.51044311
,,-203.6200892,,-40.68706264
,,-56.57388841,,212.4014529
,,57.94611331,,31.99152704
,,-20.22932701,,-52.61115497
,,-44.45479977,,56.77921324
,,-19.00152637,,-18.62095665
,,38.07475701,,99.02307704
,,90.45733269,,21.93110563
,,47.42355594,,28.30057702
,,-16.52725762,,-82.21550291
,,-10.06101376,,135.1672351
,,-28.86978583,,7.207904722
,,-133.1245369,,-9.572949939
,,-37.76447984,,145.8575632
,,34.10319569,,-75.22311449
,,29.43106012,,-58.25795165
,,124.2422047,,121.5779366
,,-83.93451946,,-77.7465978
,,-67.10912624,,53.89130663
,,-103.1950232,,171.2827989
,,-53.09088286,,-48.71381637
,,154.0440243,,75.1118927
,,53.76909313,,-59.9463008
,,-2.758548788,,111.4666616
,,53.78910633,,147.6351863
,,12.95623666,,26.05218399
,,39.74060299,,10.39773108
,,-102.8071087,,66.14878824
,,98.76630085,,63.12961371
,,99.022935,,76.85648063
,,-17.11674267,,87.87426031
,,139.617679,,-44.80352699
,,-45.48286732,,120.7031707
,,65.8472431,,105.3654538
,,95.34850072,,-73.93325657
,,108.7359407,,-26.82471309
,,-42.78438221,,51.14443035
,,-71.03225594,,-12.15913097
,,150.3538051,,-36.02328222
,,-54.26231122,,87.16978838
,,46.11938218,,-78.42727563
,,-44.67375244,,63.68612812
,,-159.8758691,,-0.24013848
,,63.68521776,,-105.8909894
,,93.92955355,,37.52648906
,,135.1308567,,-21.0900005
,,50.65879574,,121.2226228
,,198.5590392,,101.4689197
,,26.72273636,,10.08322584
,,-10.95258051,,65.050628
,,-55.15058936,,-17.81672489
,,-43.15684478,,70.53947499
,,130.3260444,,-7.925947913
,,-159.2000355,,5.890401214
,,57.46275393,,22.70486332
,,-49.15938357,,48.40705622
,,-9.927756087,,19.02446663
,,10.19746343,,36.63454264
,,-28.50640296,,27.12463091
,,-120.3473072,,103.9029911
,,191.4831456,,-58.99490945
,,62.86842929,,82.34140835
,,38.61076874,,74.55209552
,,284.9280688,,34.37033257
,,42.10430701,,-55.86984528
,,76.60255409,,50.02106437
,,-43.58492617,,181.3195771
,,-65.64951928,,-56.09644226
,,-58.68684411,,126.3620586
,,-9.176270601,,188.5940151
,,-106.1910965,,114.4572806
,,55.76339501,,-22.61172875
,,125.5879246,,0.166131387
,,8.423238455,,-207.0338377
,,-131.9890698,,-51.70216071
,,37.3759443,,-17.24799474
,,85.69379181,,-2.191079426
,,56.25390871,,-138.6307979
,,-44.33708943,,-114.6109368
,,10.85700254,,14.98487184
,,-95.49987025,,-45.00756594
,,44.24243367,,95.29352335
,,-32.06540352,,90.16883778
,,69.89848901,,144.5258176
,,-60.4912435,,53.27883683
,,138.4770899,,82.87079015
,,91.00385038,,27.7422257
,,76.51551317,,-81.74123734
,,47.28568224,,128.5384886
,,43.19140245,,49.02135435
,,-50.03406907,,22.89511967
,,-67.55764796,,57.21868618
,,26.95024661,,163.4523534
,,-63.38568391,,-177.4341744
,,45.32289824,,-80.34889866
,,10.54869302,,-158.5345018
,,-108.4569784,,-73.84995908
,,-72.50865741,,-204.5764799
,,-76.78263785,,-148.868762
,,103.4681646,,-62.29954927
,,-12.9497695,,30.46927963
,,186.6939418,,110.7224135
,,-67.70945376,,-115.6327943
,,109.3488274,,18.45423942
,,95.41104603,,232.0198079
,,51.20070036,,110.5032121
,,46.64557155,,53.75496002
,,120.1660881,,-161.1446528
,,100.8627526,,136.0930182
,,91.4018941,,-25.97472725
,,189.9547847,,-82.09392206
,,-113.7332003,,-85.48784204
,,14.2685881,,38.78179165
,,-6.770586767,,160.1188776
,,122.1580555,,27.41607841
,,-92.60529199,,79.9252888
,,-72.61551617,,51.39353757
,,117.5149322,,-78.4742034
,,-138.1981837,,129.7077863
,,48.05880892,,-123.4593511
,,-17.13865646,,-174.4148834
,,131.2903302,,-113.6517962
,,-19.30557625,,-20.46662568
,,37.84565428,,11.39031466
,,42.46386617,,24.00481513
,,-215.8087962,,327.2233718
,,-133.1283194,,43.80781759
,,-3.183057095,,83.35810096
,,-131.9890924,,40.22093743
,,206.0953721,,-8.793046391
,,183.4000046,,-85.34145848
,,-102.2811218,,26.99815545
,,-105.4770031,,95.50747058
,,-79.06905882,,32.66388302
,,60.04996491,,197.5752435
,,148.245558,,-134.4699449
,,-2.133481566,,115.2603438
,,102.4112006,,-48.18758276
,,256.4937075,,-5.700218561
,,-113.7048627,,70.06989934
,,154.0357446,,-82.72762579
,,49.26522835,,-45.20837353
,,84.18795451,,57.90600816
,,-74.62837032,,-257.5064202
,,-49.08571745,,-199.2709573
,,-15.57344512,,-156.0064948
,,-48.63313983,,-71.01218311
,,-186.5408237,,91.42724627
,,-243.7911613,,126.2624939
,,22.63826988,,-23.63849968
,,222.9862938,,107.7850093
,,175.0901214,,-169.9900979
,,-23.39679376,,102.3592778
,,68.68461214,,119.3430475
,,-13.22512921,,-15.03303244
,,89.46625943,,23.04871366
,,40.50277965,,251.9284514
,,104.4967054,,157.3662579
,,-46.81969864,,78.45115868
,,-124.8159303,,-22.84162715
,,-8.022733909,,-27.45956921
,,-84.24967398,,60.26769893
,,-9.241633357,,-103.7327026
,,170.4077356,,-9.368474175
,,-55.45902868,,11.87414901
,,-185.3391803,,14.72405981
,,129.9748982,,-19.56978773
,,-145.6998697,,-79.91565046
,,3.82652107,,50.03115097
,,113.9987191,,-2.545624697
,,68.2652498,,-109.8665983
,,49.5240719,,90.17811063
,,25.26671913,,77.00172365
,,92.24654166,,-51.25109346
,,150.1367469,,-68.61299488
,,32.33682183,,-37.71672016
,,-57.95269282,,-233.7120498
,,47.76943584,,16.75811845
,,132.5744644,,282.8925356
,,76.80862751,,159.3345366
,,-44.81770363,,-9.191960761
,,194.3163229,,-1.608742388
,,-26.1544281,,48.92175894
,,-57.95303052,,183.9433164
,,-119.3845987,,-9.441613286
,,34.77351468,,99.08082995
,,-68.50091544,,55.72086267
,,58.69475675,,-45.26963824
,,160.2280214,,180.0915284
,,161.1453324,,-88.17608975
,,89.58740551,,95.41420074
,,121.6932066,,63.65862409
,,78.91758396,,-74.43717116
,,38.23372467,,-95.01078278
,,-123.5811034,,-171.957383
,,159.3676467,,11.81777235
,,-20.3052019,,34.70486404
,,23.42071303,,-181.0603713
,,140.5184438,,-118.655094
,,-168.8289879,,-11.81806237
,,-99.29064563,,-74.49540613
,,34.10868391,,45.46308684
,,59.86500457,,85.52416285
,,30.81252215,,-164.8858304
,,132.5826499,,-160.3467057
,,286.5891791,,121.8065253
,,44.25083198,,83.74079728
,,-144.534171,,89.15675523
,,-104.6893372,,139.0124537
,,-33.64439304,,-85.66779536
,,149.1961284,,50.64424937
,,45.72344892,,-104.5098774
,,133.2864517,,148.5615496
,,165.8150973,,-9.699637058
,,62.77576987,,133.2867778
,,197.4944437,,42.4527887
,,60.418482,,90.2102505
,,-27.2324281,,70.06155185
,,45.02381209,,-118.8109054
,,24.5031737,,-119.2494031
,,-36.90282584,,0.671333448
,,-110.8872084,,133.9785471
,,-10.04588854,,-66.9419457
,,27.57141622,,-51.83235589
,,97.26002147,,-46.73108396
,,-66.8093145,,-11.19457177
,,-144.0592433,,28.01351429
,,105.0088944,,7.417634928
,,-52.977374,,-16.7353296
,,-105.9425513,,-12.04962746
,,-143.2957285,,-17.51654522
,,-18.07341658,,21.63436694
,,-60.54756558,,112.2109672
,,-30.07937482,,25.61861168
,,-247.3791616,,132.9553428
,,32.4790364,,94.1405235
,,15.99380172,,-172.6489259
,,46.28798453,,81.15016569
,,301.2622042,,89.11092824
,,14.08786107,,22.84015066
,,-161.0550795,,-39.96699379
,,85.87981373,,117.7916341
,,-43.47040936,,-0.656931285
,,202.3262784,,-47.51428522
,,62.15980678,,-41.96806795
,,93.33762738,,88.67424007
,,73.56405817,,53.02501856
,,24.9155097,,-110.774006
,,-60.70535239,,-96.67494652
,,42.64080596,,-96.89148055
,,-162.5330292,,1.214134788
,,147.9090972,,-137.1513215
,,190.6742141,,-7.400893187
,,306.9054054,,81.84349548
,,158.8754119,,-19.4989576
,,-19.0050199,,-132.2105688
,,67.79007838,,29.10111363
,,118.1038845,,-19.8354329
,,-135.8448068,,-53.13713565
,,99.11376151,,35.28672747
,,78.50528661,,-153.7766475
,,-61.34646376,,-63.33831415
,,106.5270786,,127.8794521
,,80.86038591,,114.3624296
,,123.5687271,,-169.9543202
,,93.8334162,,-133.2895577
,,-70.8287016,,165.9683476
,,-20.54007433,,76.1304857
,,129.3330522,,167.8141745
,,-63.26406783,,-36.94149689
,,192.4186086,,137.8785661
,,136.2554321,,-85.22670767
,,-8.731302756,,49.76211167
,,109.653021,,2.045026019
,,-82.72331306,,-103.5157096
,,-115.8078721,,-17.81544012
,,-241.335653,,-89.67363214
,,-2.395838913,,2.333888608
,,61.86396651,,-92.4264207
,,181.6079045,,21.11416747
,,-197.6756212,,30.29877787
,,-114.9920674,,58.73301195
,,-38.0432699,,195.9937154
,,-3.094302115,,-10.6562548
,,59.32718279,,22.40840001
,,-67.95909812,,61.04375206
,,151.4728081,,-30.31738746
,,109.2284161,,31.1561132
,,-83.83997529,,233.5557554
,,-61.77482951,,104.8791001
,,-167.2492462,,114.3060788
,,116.0667767,,107.4694947
,,-217.8232877,,-148.6776865
,,-48.85705241,,-13.34038423
,,-154.0752401,,-20.94899605
,,-35.03872158,,152.5128875
,,90.40861669,,77.61399055
,,-27.11729284,,175.6956114
,,248.9402282,,300.1784364
,,148.1354343,,-119.8556329
,,69.19765933,,-51.69041384
,,-103.0805622,,42.1275594
,,54.02656961,,-52.65636085
,,98.47272193,,-151.5362616
,,-45.97285063,,-236.442803
,,89.92716643,,81.22588366
,,87.53758949,,91.99076183
,,80.40292217,,149.7312857
,,-68.14798217,,-0.608913713
,,-1.068795175,,138.3909189
,,-127.6636135,,-28.69992059
,,-115.1144027,,38.24165279
,,23.29180582,,13.12532918
,,-13.36652732,,-118.4494637
,,-195.7218354,,176.5297823
,,126.4288682,,133.7087605
,,24.28316112,,93.69972853
,,232.4134562,,50.60800426
,,19.39143818,,-118.9279701
,,-189.5377404,,61.75790597
,,-14.84109645,,52.15466166
,,80.24700853,,128.5667055
,,5.477366655,,6.620454278
,,-33.11094733,,23.14940755
,,11.60909505,,87.20477473
,,-10.90121076,,100.3029892
,,28.78371788,,16.94075314
,,35.28195201,,-103.9438572
,,-79.58062543,,-3.219419807
,,70.75032527,,-2.270211574
,,85.53025427,,20.38871607
,,206.8641578,,99.49055667
,,-15.36141693,,-62.03899881
,,23.2662815,,101.3496241
,,-113.9213358,,-93.93965642
,,-77.66493232,,-26.89869426
,,-130.1274023,,-35.20595368
,,48.65334692,,107.4430973
,,121.3117611,,-68.29673559
,,142.988267,,-42.58555487
,,129.1184626,,0.512117522
,,54.22855996,,-109.5164468
,,18.94710909,,-112.8624436
,,-83.41504983,,191.0106346
,,17.37197377,,109.7913767
,,-6.032613322,,72.77510038
,,2.557957621,,96.03570626
,,103.8235801,,4.924727974
,,52.58628483,,98.20129953
,,-10.90049871,,2.259193095
,,199.1147679,,96.82257346
,,199.826266,,-197.3188808
,,71.27753864,,-103.724651
,,49.59449745,,8.183986225
,,-43.27381575,,72.17872173
,,-68.44028499,,178.7826522
,,76.67903433,,8.845216344
,,-10.88583989,,242.6963019
,,-94.81852009,,160.7493438
,,93.43524602,,239.7951547
,,104.0245465,,-69.62734554
,,-99.54790988,,40.41172464
,,101.932771,,41.88548891
,,127.8842545,,-146.6089028
,,-9.898761912,,132.0121373
,,52.22879735,,81.07024735
,,-0.421702873,,-143.6431776
,,138.8036726,,-31.90293587
,,-10.97067961,,29.30464126
,,3.335603602,,-152.3152841
,,-23.69182652,,58.82823997
,,-156.9468324,,86.49757705
,,36.49341983,,42.98923272
,,27.06554733,,85.73241181
,,3.283725716,,224.7907058
,,-183.1783223,,-102.2480299
,,122.2086837,,38.16620565
,,169.1014092,,190.6941221
,,-11.20130084,,-160.3258264
,,-122.2935077,,-379.0098717
,,-84.58542282,,-56.9498661
,,-95.62954594,,-59.09765631
,,-30.78564141,,-122.5873584
,,99.78440524,,-19.8915098
,,202.1781186,,108.1639606
,,-45.06303337,,43.74217133
,,14.57348234,,6.496677058
,,64.12763901,,81.37079168
,,85.97156353,,-30.28550351
,,184.4833603,,151.9760333
,,47.74008458,,-59.54441321
,,75.44953284,,-18.39817085
,,38.43166062,,-127.1549268
,,116.2535877,,-60.86910156
,,101.655274,,-54.02130127
,,91.40407339,,7.957017147
,,82.83495037,,-126.2964618
,,-118.6775517,,147.2496139
,,193.886935,,64.32544756
,,-217.8530614,,-282.4068254
,,-122.47612,,101.1191415
,,-22.19575558,,113.7744248
,,162.4773608,,-77.89220944
,,-59.81430325,,-7.411460234
,,-13.67188414,,65.52207989
,,-117.0507967,,49.78642569
,,306.1010598,,170.5297695
,,54.37559119,,104.6494448
,,17.51080383,,145.600452
,,1.427944826,,-12.74571441
,,-233.2877217,,203.2579103
,,-21.04558217,,20.76369962
,,94.94106462,,-0.928966121
,,-10.0328917,,42.34449377
,,36.0259718,,81.18310826
,,-24.44794481,,86.56267107
,,-28.00807339,,-80.22928903
,,1.768738938,,-11.02413776
,,123.9280302,,-74.96195233
,,28.94010644,,-243.7606779
,,-7.304776352,,123.9006112
,,-78.07782282,,-8.823165722
,,50.47880496,,-142.9355073
,,-48.05354732,,76.38424187
,,-133.9325945,,48.85097578
,,67.36865303,,-52.65494434
,,5.603619591,,57.00614813
,,52.14193863,,108.0646944
,,-135.2020823,,-87.19630769
,,-194.2541925,,60.90042419
,,74.92151492,,-4.662250803
,,11.5088966,,21.36536715
,,-88.49302909,,-49.14365878
,,68.19630657,,-56.52760695
,,-165.8122083,,172.6642647
,,140.0408728,,6.084476768
,,44.62563807,,183.6284533
,,15.54985861,,-256.1662963
,,124.6356882,,101.1528462
,,-40.33403675,,95.08795909
,,-194.9291103,,-0.555084973
,,53.3919205,,205.3596215
,,-30.11974502,,-70.25449943
,,152.035865,,95.54184705
,,227.9517201,,23.91633907
,,-9.221123116,,11.93956895
,,69.66738433,,27.63307624
,,-158.3982939,,20.42809638
,,84.82777014,,186.3438393
,,-9.80329175,,111.7897889
,,38.8037211,,-8.819649968
,,70.22012181,,-176.6914829
,,-10.20465073,,-169.6722851
,,140.0764558,,-19.81715291
,,-115.8929526,,24.61329845
,,267.3761078,,-158.100617
,,216.6586138,,49.32908349
,,-16.24193232,,-40.88923713
,,50.42247669,,86.06198247
,,172.2243994,,56.92613287
,,-21.9128459,,-85.96694411
,,57.54259568,,73.8789728
,,-55.36405252,,-72.9416272
,,94.04177575,,48.91711582
,,186.776743,,-203.1970535
,,58.27698251,,-102.6572912
,,-32.25300996,,-178.608658
,,-70.58926424,,66.02541008
,,-78.32676783,,-38.3517054
,,-59.23979542,,21.02305535
,,-40.45440912,,140.0878365
,,104.2733465,,89.99024072
,,-104.1190307,,99.55495361
,,126.086167,,183.485089
,,-72.66478904,,0.189243117
,,151.3620036,,-68.61119683
,,148.7245277,,-48.82929697
,,-177.0730098,,-64.87702534
,,-106.5524932,,69.9781371
,,52.32229927,,80.52405226
,,68.17249486,,124.2881187
,,-169.3835557,,6.542841807
,,84.3911407,,21.44644858
,,-130.0809113,,-34.84600715
,,-31.32012145,,-30.25269402
,,-72.42914765,,70.67598935
,,-178.0546667,,-119.7821372
,,-1.288275469,,-110.2890719
,,82.50694013,,25.8254324
,,-63.73794161,,40.51336942
,,-102.6357438,,-139.792238
,,-149.8617843,,-34.5457565
,,-4.969026677,,-11.5755835
,,95.72241079,,13.63311881
,,147.2563819,,0.440227517
,,133.5010496,,75.80741073
,,81.73490738,,25.22220498
,,27.13041765,,-10.15666865
,,25.45066207,,-120.0377504
,,-29.52487053,,155.020684
,,27.18063406,,199.3756902
,,41.09732267,,-5.209251935
,,-76.16365751,,15.08407639
,,115.6687315,,152.1311352
,,-11.37010073,,-67.37083137
,,-61.96341159,,-54.86419975
,,-73.59794856,,54.38984033
,,34.81653446,,78.58428637
,,-5.877213817,,115.7750146
,,58.70911183,,60.46122321
,,-72.89280377,,-31.00292006
,,-32.64223928,,-34.07506432
,,-88.10612783,,110.2137393
,,-11.36059211,,113.6202489
,,33.76193311,,-49.69589568
,,-241.7827774,,-16.67836562
,,-47.79133749,,67.34675016
,,-177.3130367,,161.8165837
,,-99.0188842,,-59.35131697
,,-75.77431582,,-12.45192997
,,-65.37057882,,170.0447026
,,155.6764568,,82.77937227
,,-146.6100885,,187.2893534
,,59.5056972,,147.8055202
,,57.92899459,,-101.3445242
,,-16.42305564,,34.21782674
,,-67.46840932,,-52.28547344
,,-70.67683365,,168.7997268
,,114.0237279,,64.512492
,,-63.92264381,,-4.696051787
,,-205.2404107,,-74.63410644
,,4.761514513,,-59.63258604
,,103.3784146,,127.5569985
,,34.67144047,,41.64751693
,,1.053542411,,-60.29855861
,,42.75473871,,4.040363315
,,101.7759048,,-138.3990197
,,-136.7676666,,-194.070187
,,-8.22163094,,80.41526492
,,0.181188792,,21.55823732
,,84.16401283,,30.59022693
,,-6.668100075,,-13.98246085
,,-20.45055039,,18.23229829
,,66.37218337,,160.9812836
,,96.80876069,,42.00782952
,,82.87516187,,27.06174159
,,-90.74608669,,-62.39940976
,,-54.50967052,,-16.81027171
,,31.66626173,,-30.04253462
,,-27.43031251,,-117.0713066
,,16.78131408,,-64.15311069
,,19.03917998,,-113.6545698
,,-51.28646581,,67.12212121
,,-24.29701428,,107.5135875
,,-53.90859039,,-91.06005147
,,-135.9395037,,123.8270227
,,-189.692128,,47.5428298
,,6.177823502,,-213.9198432
,,-4.166623361,,-12.44921106
,,110.0772318,,-65.65472424
,,-45.63825223,,-54.77184163
,,-198.5233895,,37.23788502
,,42.11065872,,-74.27383433
,,-72.32914043,,-134.2345737
,,46.73279084,,-4.22623346
,,-2.341713007,,162.5779833
,,12.54109434,,-52.72825884
,,-35.58751327,,92.07717443
,,97.04760029,,104.7636671
,,-52.61024932,,106.2658782
,,104.1074688,,18.77247019
,,96.61317439,,-47.83789693
,,-75.39427214,,-78.07153408
,,-129.3296798,,-116.6519967
,,-74.61997296,,138.7300063
,,-112.1704982,,-82.6319702
,,133.9431536,,136.5819941
,,-9.41555048,,37.76963019
,,-34.21725404,,-117.8142349
,,-21.12033484,,143.1861784
,,-161.4950394,,41.25864289
,,6.140818378,,62.42643662
,,-16.60093384,,69.10013463
,,-81.35733495,,-41.90755714
,,12.88069937,,34.49374207
,,-50.88828335,,48.28128561
,,56.75926573,,91.0352357
,,38.77333425,,-116.0056175
,,53.02466239,,-38.11055866
,,68.33836604,,69.15183188
,,-209.254546,,73.05662835
,,-14.87599383,,-10.47703177
,,150.6863743,,147.8364507
,,-43.3872119,,-77.05675439
,,62.40262853,,3.019362844
,,43.18113591,,-45.23428084
,,-60.62195903,,-37.82968764
,,190.8887922,,94.17803321
,,-125.8712841,,0.616134296
,,147.3717065,,-71.61699884
,,-57.67628583,,-159.2432222
,,26.51766041,,-49.55216105
,,-22.86909072,,233.4437809
,,-57.95584455,,-30.39499093
,,63.11005257,,-176.5433263
,,45.66968742,,126.3213431
,,18.87764409,,-60.07016245
,,-88.47244316,,-26.77152967
,,-33.73648367,,57.38061036
,,217.6616121,,-3.854066593
,,31.88972817,,19.57604482
,,11.3942612,,3.637824802
,,-55.25070851,,-54.07424108
,,197.4935378,,245.3916035
,,-239.3160142,,25.47426644
,,58.20069484,,-63.49270373
,,-67.1485263,,-144.7730941
,,-46.03363534,,-36.68643051
,,90.53248835,,-81.56734679
,,-142.3749699,,-130.8213565
,,-9.212853601,,-87.43121078
,,-21.85740408,,-19.58768619
,,6.773385134,,-60.27457757
,,32.93847453,,72.26095313
,,9.500493732,,-37.0869906
,,-4.44693727,,102.2555072
,,96.23652881,,7.473378528
,,0.401076038,,111.2775305
,,-64.62630613,,114.3511498
,,115.1042293,,-79.84686608
,,-17.87009485,,76.46472434
,,-141.4711781,,82.53840041
,,3.687147765,,26.22982644
,,69.6479109,,59.19530962
,,-173.8740481,,-93.99940523
,,-17.21452537,,44.18604946
,,67.74736411,,-272.6066556
,,-166.1118175,,-98.41833296
,,-175.2857478,,-102.5038887
,,107.4122601,,-27.45500321
,,23.37923004,,-58.27190573
,,197.6241088,,-14.06956828
,,-87.81658268,,-66.97519969
,,-26.96722342,,-134.5914898
,,-12.03770471,,-51.68279903
,,16.81367976,,129.1365536
,,-18.55118944,,-83.68611024
,,-96.73693638,,165.2511434
,,53.34329713,,-43.42978105
,,11.39766479,,209.2025451
,,-55.6554108,,18.90672092
,,-145.1189569,,-80.30774322
,,106.8457569,,22.60860764
,,-23.26258294,,-0.614788381
,,179.609803,,129.1762505
,,101.7374794,,-16.72188905
,,29.27513817,,7.623979854
,,217.2604997,,-107.7389271
,,177.9370308,,13.74450419
,,46.15869206,,29.20361105
,,-91.15892885,,11.20589738
,,-60.53009343,,-42.35602421
,,82.95255221,,-145.7773188
,,-10.64120833,,-126.1653031
,,-80.21853892,,-51.69768069
,,98.34455732,,-164.1561684
,,47.75563403,,39.35117605
,,146.9148907,,42.44369587
,,105.0185418,,-28.22193086
,,-166.6311405,,-203.8579939
,,-74.58710396,,-6.803101691
,,-148.2483748,,89.12150094
,,-141.7192117,,-19.21441848
,,-77.3107097,,111.3100843
,,-87.4663205,,105.0909185
,,37.27267676,,-66.89450368
,,-15.60647109,,2.00869371
,,83.82387847,,19.20907157
,,33.07719375,,85.68444541
,,186.4718301,,44.85887378
,,8.11400701,,67.39866627
,,-97.24178169,,-163.8113701
,,124.3598061,,57.85342338
,,-9.3008225,,-5.649312737
,,-127.4578308,,17.91424475
,,-98.08056307,,-59.9215781
,,-108.6685751,,112.5525345
,,241.8444287,,181.8969692
,,63.43945452,,-209.4112189
,,50.67634224,,-80.39909809
,,109.2921275,,280.1684028
,,5.787728671,,3.814703879
,,42.36652554,,66.61253711
,,9.269761693,,-93.85061808
,,70.95876293,,-47.13656614
,,-68.50817044,,-86.50730933
,,-28.59837389,,-8.818690018
,,259.0195282,,53.97441566
,,16.18941221,,-176.6696927
,,-133.2961456,,12.44346731
,,269.5649728,,159.5049977
,,106.8768138,,-16.48530307
,,-46.32005424,,1.769605428
,,-152.4818964,,174.2909958
,,135.4783457,,-26.41067565
,,43.06281754,,-154.2762757
,,-12.07345389,,13.73674327
,,-56.2275462,,24.58110514
,,16.49148787,,-38.83652625
,,82.64947859,,-115.6557484
,,-131.7722149,,-89.8161413
,,-23.53727617,,7.267444414
,,131.5851043,,161.3157852
,,0.095658653,,18.17224806
,,13.3366609,,29.74952759
,,2.251461899,,196.1482441
,,-27.74337509,,261.7414527
,,5.129692934,,1.704105298
,,-11.20905498,,23.29935239
,,-31.94498395,,-44.9945843
,,-4.55815255,,86.91582638
,,1.779960985,,192.362201
,,-44.19636801,,34.19376755
,,72.15141074,,29.72146526
,,-92.32196271,,-60.98191912
,,-48.11777357,,56.60169907
,,131.9114102,,97.55819849
,,39.68505789,,-126.837162
,,-21.71420902,,-54.57795777
,,42.55832021,,-64.79731584
,,149.7890618,,5.705671934
,,123.7210408,,-70.62565996
,,61.95608271,,81.22170137
,,-50.83774617,,14.41935347
,,-77.02929499,,-0.12901808
,,-113.7919758,,-305.6091545
,,203.5803545,,111.6214643
,,-18.58371819,,-9.046312424
